{"cameraMode":{"drawMode":0,"name":"Shaded","section":"Shading Mode"},"sceneLighting":true,"audioPlay":false,"sceneViewState":{"showFog":true,"showMaterialUpdate":false,"showSkybox":false,"showFlares":true,"showImageEffects":true,"showParticleSystems":true},"in2DMode":false,"pivot":{"x":4.5818562507629398,"y":0.6241726875305176,"z":-5.664885520935059},"rotation":{"x":-0.08662322163581848,"y":-0.5242006182670593,"z":0.05370769649744034,"w":-0.8454784750938416},"size":29.87106704711914,"orthographic":false}